website,category,article_number,image number,alt,article_heading,article_url
https://edition.cnn.com,markets_nightcap,1,1,"A Pride Flag hangs off a building on June 24, 2020 in New York City.",Companies are caving to anti-DEI crusaders. That’s bad for business,https://edition.cnn.com/2024/09/06/business/corporate-america-dei-nightcap/index.html
https://edition.cnn.com,markets_nightcap,2,1,"Nvidia headquarters in Santa Clara, California.",Nvidia has more than just billions of dollars in value to lose if its stock keeps falling,https://edition.cnn.com/2024/09/05/tech/nvidia-stock-falling-nightcap/index.html
https://edition.cnn.com,markets_nightcap,3,1,Any signs of a shift in the economy's trajectory could force former President Donald Trump and Vice President Kamala Harris to tweak their messaging.,This week could shift the focus of a key narrative for Harris and Trump,https://edition.cnn.com/2024/09/04/economy/economy-jobs-report-harris-trump-nightcap/index.html
https://edition.cnn.com,markets_nightcap,4,1,"Nvidia has ridden the AI hype wave to become one of the most valuable brands on the planet, achieving a $3 trillion valuation that puts it among giants like Apple and Microsoft.",The thrill of AI is fading — and Wall Street is getting a little more clear-eyed about its actual value,https://edition.cnn.com/2024/08/30/business/nvidia-wall-street-ai-bubble-nightcap/index.html
https://edition.cnn.com,markets_nightcap,5,1,Tesla Cybertruck,Can anyone explain the Cybertruck?,https://edition.cnn.com/2024/08/29/business/cybertruck-tesla-nightcap/index.html
https://edition.cnn.com,markets_nightcap,5,2,The Cybertruck’s sharp edges and massive blindspots have raised concerns among safety experts from the beginning.,Can anyone explain the Cybertruck?,https://edition.cnn.com/2024/08/29/business/cybertruck-tesla-nightcap/index.html
https://edition.cnn.com,markets_nightcap,6,1,"In several speeches and campaign ads, Democrats have been eager to remind voters that Kamala Harris had a summer job at McDonald's.",McDonald’s has become a powerful symbol for Democrats,https://edition.cnn.com/2024/08/22/business/harris-mcdonalds-democrats-nightcap/index.html
https://edition.cnn.com,markets_nightcap,7,1,"These days, companies, including grocery store chains, are harnessing huge amounts of data to fine-tune their pricing power. Some folks aren't thrilled about that.",Surge pricing your groceries: What could go wrong?,https://edition.cnn.com/2024/08/22/business/surge-pricing-groceries-nightcap/index.html
https://edition.cnn.com,markets_nightcap,8,1,"Donald Trump and Elon Musk seem to enjoy the banter, but the logistics of getting Musk into a Cabinet role are daunting. And Wall Street would hate it.",Let’s throw cold water on the Musk working for Trump thing,https://edition.cnn.com/2024/08/21/business/elon-musk-trump-cabinet-not/index.html
