article_number,image number,alt,article_heading,article_url
1,1,,"OriginalHubble Telescope's latest observation report: Black hole ""blowtorch"" causes nearby stars to explode",https://www.sohu.com/a/813903554_120936250?scm=10004.52796_15-300008.0.10126.1101.topic:52796:5.0.9.a2_3X201&spm=smpc.channel_207.block3_52_OFTwAa_1_fd.1.17280846741151lineug_962
1,2,,"OriginalHubble Telescope's latest observation report: Black hole ""blowtorch"" causes nearby stars to explode",https://www.sohu.com/a/813903554_120936250?scm=10004.52796_15-300008.0.10126.1101.topic:52796:5.0.9.a2_3X201&spm=smpc.channel_207.block3_52_OFTwAa_1_fd.1.17280846741151lineug_962
2,1,,OriginalWhat will the Earth look like billions of years from now? Astronomers have discovered a future Earth reference 4000 light years away,https://www.sohu.com/a/812197629_120936250?scm=10004.52796_15-300008.0.10126.1101.topic:52796:5.0.9.a2_3X201&spm=smpc.channel_207.block3_52_OFTwAa_1_fd.2.17280846741151lineug_962
3,1,,OriginalThere are three words engraved on the stone. Experts say: The underground palace has been found but we cannot actively excavate the ancient tomb in the future,https://www.sohu.com/a/813741346_121622754?scm=10004.52801_15-300008.0.10126.1101.topic:52801:110041.0.9.a2_3X205&spm=smpc.channel_207.block3_41_dpNloh_1_fd.1.17280846741151lineug_962
3,2,,OriginalThere are three words engraved on the stone. Experts say: The underground palace has been found but we cannot actively excavate the ancient tomb in the future,https://www.sohu.com/a/813741346_121622754?scm=10004.52801_15-300008.0.10126.1101.topic:52801:110041.0.9.a2_3X205&spm=smpc.channel_207.block3_41_dpNloh_1_fd.1.17280846741151lineug_962
4,1,,"Huajiao Daxian shares: ""Exhibition of Liao Dynasty Women's Cultural Relics of the Inner Mongolia Autonomous Region Cultural Relics and Archaeology Research Institute"" 11",https://www.sohu.com/a/813939843_772510?scm=10004.52801_15-300008.0.10126.1101.topic:52801:110041.0.9.a2_3X205&spm=smpc.channel_207.block3_41_dpNloh_1_fd.2.17280846741151lineug_962
4,2,,"Huajiao Daxian shares: ""Exhibition of Liao Dynasty Women's Cultural Relics of the Inner Mongolia Autonomous Region Cultural Relics and Archaeology Research Institute"" 11",https://www.sohu.com/a/813939843_772510?scm=10004.52801_15-300008.0.10126.1101.topic:52801:110041.0.9.a2_3X205&spm=smpc.channel_207.block3_41_dpNloh_1_fd.2.17280846741151lineug_962
5,1,,OriginalDonâ€™t panic if your cholesterol is high Harvard University: Blood lipids can be lowered quietly through 3 dietary suggestions,https://www.sohu.com/a/813874471_178984?scm=10004.49693_15-300008.0.10126.1101.topic:49693:5.0.9.a2_3X3354&spm=smpc.channel_207.block3_41_pTB27r_2_fd.3.17280846741151lineug_962
6,1,,Original600 km range attracts global attention China's new rocket launcher why are the US and India restless,https://www.sohu.com/a/812816242_100056250?scm=10004.52990_15-300008.0.10126.1101.topic:52990:110041.0.9.a2_3X307&spm=smpc.channel_207.block4_217_qWyIAS_data1_fd.2.17280846741151lineug_962
6,2,,Original600 km range attracts global attention China's new rocket launcher why are the US and India restless,https://www.sohu.com/a/812816242_100056250?scm=10004.52990_15-300008.0.10126.1101.topic:52990:110041.0.9.a2_3X307&spm=smpc.channel_207.block4_217_qWyIAS_data1_fd.2.17280846741151lineug_962
7,1,,Set your alarm! See Venus and the Moon in the evenings of October 5 and 6,https://www.sohu.com/a/813894639_120993828?scm=10004.52990_15-300008.0.10126.1101.topic:52990:110041.0.9.a2_3X305&spm=smpc.channel_207.block4_217_qWyIAS_data1_fd.3.17280846741151lineug_962
8,1,,"Top-level flights gather in Fuliang and model aircraft perform ""ballet in the air""",https://www.sohu.com/a/813868841_362042?scm=10004.52990_15-300008.0.10126.1101.topic:52990:110041.0.9.a2_3X307&spm=smpc.channel_207.block4_217_qWyIAS_data1_fd.15.17280846741151lineug_962
8,2,,"Top-level flights gather in Fuliang and model aircraft perform ""ballet in the air""",https://www.sohu.com/a/813868841_362042?scm=10004.52990_15-300008.0.10126.1101.topic:52990:110041.0.9.a2_3X307&spm=smpc.channel_207.block4_217_qWyIAS_data1_fd.15.17280846741151lineug_962
8,3,,"Top-level flights gather in Fuliang and model aircraft perform ""ballet in the air""",https://www.sohu.com/a/813868841_362042?scm=10004.52990_15-300008.0.10126.1101.topic:52990:110041.0.9.a2_3X307&spm=smpc.channel_207.block4_217_qWyIAS_data1_fd.15.17280846741151lineug_962
9,1,,OriginalWas Newton a scientist or a theologian? He predicted: The end of the world will happen in 2060,https://www.sohu.com/a/813739048_121136730?scm=10001.1108_13-100000-0_922.0-0.10095.a2_5X162X1659&spm=smpc.channel_207.block3_43_qHj0BZ_3_fd.1.17280846741151lineug_962
9,2,,OriginalWas Newton a scientist or a theologian? He predicted: The end of the world will happen in 2060,https://www.sohu.com/a/813739048_121136730?scm=10001.1108_13-100000-0_922.0-0.10095.a2_5X162X1659&spm=smpc.channel_207.block3_43_qHj0BZ_3_fd.1.17280846741151lineug_962
10,1,,"OriginalDo elderly people have ""freedom"" in their sex life after the age of 60? The doctor said it and I finally understood it",https://www.sohu.com/a/813885149_178984?scm=10004.49693_15-300008.0.10126.1101.topic:49693:5.0.9.a2_3X3354&spm=smpc.channel_207.block3_41_pTB27r_2_fd.1.17280846741151lineug_962
10,2,,"OriginalDo elderly people have ""freedom"" in their sex life after the age of 60? The doctor said it and I finally understood it",https://www.sohu.com/a/813885149_178984?scm=10004.49693_15-300008.0.10126.1101.topic:49693:5.0.9.a2_3X3354&spm=smpc.channel_207.block3_41_pTB27r_2_fd.1.17280846741151lineug_962
10,3,,"OriginalDo elderly people have ""freedom"" in their sex life after the age of 60? The doctor said it and I finally understood it",https://www.sohu.com/a/813885149_178984?scm=10004.49693_15-300008.0.10126.1101.topic:49693:5.0.9.a2_3X3354&spm=smpc.channel_207.block3_41_pTB27r_2_fd.1.17280846741151lineug_962
10,4,,"OriginalDo elderly people have ""freedom"" in their sex life after the age of 60? The doctor said it and I finally understood it",https://www.sohu.com/a/813885149_178984?scm=10004.49693_15-300008.0.10126.1101.topic:49693:5.0.9.a2_3X3354&spm=smpc.channel_207.block3_41_pTB27r_2_fd.1.17280846741151lineug_962
10,5,,"OriginalDo elderly people have ""freedom"" in their sex life after the age of 60? The doctor said it and I finally understood it",https://www.sohu.com/a/813885149_178984?scm=10004.49693_15-300008.0.10126.1101.topic:49693:5.0.9.a2_3X3354&spm=smpc.channel_207.block3_41_pTB27r_2_fd.1.17280846741151lineug_962
