image number,alt,article_heading,description
image_1_1.jpg,Nick Pickles,X global affairs boss Nick Pickles is latest top exec to leave after decade with company,"The image shows a man with a beard and mustache, wearing a dark suit with a white shirt and a maroon tie. He has short, dark hair and is looking directly at the camera with a slight smile. The background is dark, which puts the focus on the man."
image_1_2.jpg,X logo,X global affairs boss Nick Pickles is latest top exec to leave after decade with company,"The image shows a person's hand holding a smartphone against a blurred background. The smartphone is displaying a screen with a white ""X"" symbol in the center. The background is out of focus, with indistinct shapes and colors that suggest an indoor setting with ambient lighting. The focus is on the smartphone and its screen, which is the main subject of the image. The style of the image is a close-up photograph with a shallow depth of field, emphasizing the phone and its screen while the background is intentionally blurred."
image_1_3.jpg,X CEO Linda Yaccarino,X global affairs boss Nick Pickles is latest top exec to leave after decade with company,"The image depicts a woman seated in a chair, appearing to be engaged in a public speaking event or interview. She is wearing a gray blazer over a white top, paired with brown leather pants. The blazer has a textured pattern and a lapel, suggesting a formal or professional attire. She is wearing large, round-framed glasses and has her hair styled in loose waves. The woman is looking slightly to her right with a focused expression, and her hands are clasped together in her lap. The background is a plain, light-colored wall with a pinkish hue, which provides a neutral backdrop that highlights the subject. There are no visible texts or logos in the image."
image_2_1.jpg,Hannah Lynch is survived by her mother and a sister.,Hewlett Packard boss cites ‘fiduciary duty’ to pursue lawsuit against Mike Lynch’s estate after yacht drowning,"The image depicts a young woman standing outdoors, smiling at the camera. She has long, dark hair and is wearing a beige turtleneck sweater, a gray pleated skirt, and brown knee-high boots. She is also carrying a white shoulder bag. The woman appears to be posing for the photograph.  In the background, there is a large, imposing structure that resembles a classical architectural column or monument. The structure is made of a light-colored stone or concrete material and has a smooth, cylindrical shape with a fluted top. It is situated on a paved area that seems to be a public space, possibly a plaza or a street.  There are several people in the background, some of whom are wearing blue jackets and appear to be security personnel, as indicated by the badges they are wearing. They are standing behind a blue barrier that separates them from the woman in the foreground. The barrier is likely there to control access to the monument or to ensure the safety of the visitors.  The lighting suggests it is daytime, and the overall atmosphere of the image is casual and relaxed, with the woman appearing to be enjoying her time in the city. The style of the image is a candid photograph, capturing a moment in an urban setting."
image_2_2.jpg,Lynch and his daughter Hannah 18 were among seven who perished.,Hewlett Packard boss cites ‘fiduciary duty’ to pursue lawsuit against Mike Lynch’s estate after yacht drowning,"The image depicts two individuals standing close to each other on a sidewalk. The person on the left appears to be a woman with long, dark hair, wearing a brown jacket with fur trim and a black top. She is smiling and looking directly at the camera. The person on the right appears to be a man with a bald head, wearing a dark jacket and a light blue sweater. He is also smiling and looking at the camera. Both individuals seem to be in a good mood and enjoying their time together.  The background shows a residential street with parked cars on both sides. There are buildings in the distance, and the sky is clear with a few clouds. The overall atmosphere of the image suggests a pleasant day in a suburban or urban residential area."
image_2_3.jpg,Mike Lynch the billionaire British tech mogul died at the age of 59 on Aug. 19 when his yacht ran aground off the coast of Sicily.,Hewlett Packard boss cites ‘fiduciary duty’ to pursue lawsuit against Mike Lynch’s estate after yacht drowning,"The image shows a man with a bald head, wearing a dark blue suit and a white shirt with a blue striped tie. He has a warm smile on his face and is looking directly at the camera. The background is blurred, but it appears to be an indoor setting with warm lighting, possibly a room with wooden walls. The man's attire suggests a formal or professional context."
image_2_4.jpg,The Bayesian superyacht sank off the coast of Sicily just before dawn on Aug. 19.,Hewlett Packard boss cites ‘fiduciary duty’ to pursue lawsuit against Mike Lynch’s estate after yacht drowning,"The image depicts a large sailing yacht in motion on the open sea. The yacht is a superyacht, characterized by its sleek design and luxurious features. It is equipped with a large sail, which is unfurled and catching the wind, propelling the vessel forward. The yacht is painted in a dark color, possibly black or dark blue, with white accents and a white sail.  The yacht is sailing through a body of water, which appears to be the Mediterranean Sea, as indicated by the map in the background. The map shows the yacht's location near the coast of Italy, with the island of Sicily visible in the distance. The yacht is also shown sailing near the coast of the Italian mainland, with the cities of Naples and Palermo marked on the map.  The yacht is equipped with various amenities and features, including a tender garage, a master suite, a sun deck, and a flybridge. The yacht is designed for comfort and luxury, with a spacious deck and ample seating areas. The yacht is also equipped with a large sail, which is used to harness the wind's power for propulsion.  The yacht is sailing in a region known for its picturesque landscapes and rich maritime history. The presence of the Mediterranean Sea suggests that the yacht is likely on a leisurely cruise or a sailing vacation, taking in the sights and sounds of this beautiful region. The yacht's design and features suggest that it is a luxury vessel, likely used for private charters or special events."
image_2_5.jpg,Hannah Lynch's body is recovered by rescue personnel off the coast of Sicily on Aug. 23.,Hewlett Packard boss cites ‘fiduciary duty’ to pursue lawsuit against Mike Lynch’s estate after yacht drowning,"The image depicts two individuals wearing bright orange and black diving suits, standing on the deck of a red and white boat. The boat is named ""VER 17,"" as indicated by the text on the side. The divers are equipped with scuba gear, including tanks and breathing apparatus, suggesting they are preparing for a dive. The boat is floating on calm waters, and the weather appears to be clear. The divers seem focused and ready for their underwater adventure."
image_3_1.jpg,Disney cruise ship,Leaked Disney data from hacking scandal includes company secrets internal Slack messages and revenue figures: report,"The image depicts a large cruise ship docked at a port. The ship is predominantly black and white, with a distinctive red and yellow color scheme on the upper decks. It has multiple decks and a large number of windows, suggesting it is designed to accommodate a significant number of passengers. The ship is docked at a pier with a building visible in the background, indicating that this is a commercial port.  In the foreground, there is a small motorboat with two people on board. The boat appears to be moving towards the ship, possibly for boarding or disembarking. The water around the boat is calm, and the sky is partly cloudy, suggesting a fair weather day.  The ship's design is reminiscent of a classic ocean liner, with a large stern and a prominent funnel. The funnel is adorned with a red and yellow striped pattern, which is a signature design element of the cruise line it belongs to. The ship's size and distinctive design make it a prominent feature in the image, and it is likely a popular tourist destination due to its iconic design and the amenities it offers."
image_3_2.jpg,Person wearing hoodie looking at laptop,Leaked Disney data from hacking scandal includes company secrets internal Slack messages and revenue figures: report,"The image depicts a person sitting at a wooden desk, engrossed in work on a laptop. The individual is wearing a dark hoodie, which obscures their face, giving the impression of anonymity or focus. The laptop is open, with the screen visible but the content not discernible. The setting appears to be an indoor space with a blurred background, suggesting an office or study environment. The lighting is dim, with a focus on the person and the laptop, creating a moody atmosphere."
image_3_3.jpg,Hackers got their hands on internal spreadsheets that listed revenue figures for Disney+ according to a report.,Leaked Disney data from hacking scandal includes company secrets internal Slack messages and revenue figures: report,"The image features a smartphone with a Disney+ logo on its back, set against a backdrop that includes a mosaic of various images and the text ""STREAMING SERVICE."" The smartphone is positioned in the foreground, with the logo prominently displayed. The background is a collage of different images, possibly representing content available on the Disney+ platform. The overall style of the image suggests a promotional or advertising context, highlighting the integration of the smartphone with the streaming service."
image_4_1.jpg,A roborock Q Revo robot vacuum cleaner next to a phone,3 Roborock vacuums from budget to high-end — Read our honest review,"The image shows a modern, sleek, and compact device that appears to be a portable air purifier. The device has a rectangular shape with a matte finish, predominantly in a dark color, possibly black or dark gray. It features two visible air vents or fans at the top, suggesting that it is designed to circulate air and filter it for improved air quality.  In front of the air purifier, there is a smartphone with a white background and a red app icon on the screen. The app icon resembles a lowercase 'z' inside a square, which could indicate the name of the app or the brand of the device. The smartphone is positioned to the right of the air purifier, slightly overlapping it, and is held in a way that suggests it is being used or displayed.  The overall style of the image is clean and professional, likely intended for marketing or product display purposes. The image is well-lit, with soft shadows, which gives it a polished and sophisticated look. There are no visible texts or additional elements in the image."
image_5_1.jpg,An editorial in The Washington Post criticized the Brazilian government for banning X.,Elon Musk gets surprising defender after X banned in Brazil: The Washington Post,"The image shows a screenshot of a social media profile, specifically from Twitter. The profile belongs to a user named ""Eliot Musk,"" which is a play on words combining the names of Elon Musk and Eliot Ness, a famous law enforcement agent. The profile picture features a blue and yellow flag, which is the national flag of Brazil, suggesting a connection to the country.  The profile includes a header with the Twitter logo and the user's name, along with a verified checkmark, indicating that the account is verified. Below the profile picture, there is a blue navigation bar with options such as ""Posts,"" ""Replies,"" ""Subs,"" ""Highlights,"" and ""Media,"" which are typical features of a Twitter profile.  The profile also shows a count of 730 followers and 1966 subscriptions, which are likely the number of people who follow the account and the number of subscriptions to a newsletter or other service associated with the account.  The profile also includes a message that reads ""Posts aren't loading right now. Try again,"" which is a notice that the posts are not currently loading correctly and suggests that the user should try reloading the page to see the posts.  The background of the image features a flag with a blue circle and white stars, which is the flag of Brazil, and a green and yellow striped pattern, which is the flag of the United States. This combination of flags suggests that the image may have been taken in a location where both Brazilian and American flags are displayed"
image_6_1.jpg,,Meta Oversight Board members have blasted Israel over Gaza: ‘Most criminal army in history’,"The image is a cover of the New York Post, specifically the ""LATE CITY FINAL"" edition. The cover features a headline that reads ""FACEBOOK SAYS THIS ISN'T HATE"" with a large blue Facebook logo on the left side. Below the headline, there's a bold statement ""Let's users call for Israel's destruction."" The cover also includes a smaller text that reads ""Pages 4-5"" and ""Let's users call for Israel's destruction.""  The cover also contains a photograph of a protest scene. In the foreground, there are individuals holding signs with messages such as ""From the River to the Sea"" and ""No Pride in Genocide."" The background shows a cityscape with buildings and a river, suggesting the protest is taking place in a city. The overall tone of the image is serious and the content appears to be related to a political or social issue."
image_6_2.jpg,Tawakkol Karman,Meta Oversight Board members have blasted Israel over Gaza: ‘Most criminal army in history’,"The image depicts a woman sitting comfortably in what appears to be a cozy indoor setting. She is wearing a traditional Middle Eastern garment known as a hijab, which is a headscarf that covers the hair and is often worn by Muslim women as a symbol of modesty and piety. The hijab is predominantly black with red and white accents, featuring a pattern that includes hearts and stripes.  The woman is smiling and looking directly at the camera, giving the impression of a friendly and approachable demeanor. She has her hands clasped together in her lap, and her posture suggests a relaxed and at ease state.  In the background, there is a blurred image of a person, which is not the focus of the image. The background also includes a hint of a floral arrangement, possibly a vase with purple flowers, adding a touch of color and elegance to the scene.  The lighting in the image is soft and warm, enhancing the overall pleasant and inviting atmosphere of the photograph. The image does not contain any text or additional elements that provide context beyond the woman's attire and the setting."
image_6_3.jpg,Social media post from member of Meta Oversight Board,Meta Oversight Board members have blasted Israel over Gaza: ‘Most criminal army in history’,"The image appears to be a screenshot of a tweet from a user named ""Tawakol Karmen."" The tweet is in Arabic and English, and it discusses the United Nations' decision to put Israel on the list of shame. The tweet expresses approval of this decision, stating that it is a terrorist government and that it is most criminal in history. The tweet also includes a call to action, asking the viewer to give feedback so that improvements can be made. The tweet has received 43K views and was posted at 4:51 PM on June 7, 2024."
image_6_4.jpg,Nighat Dad,Meta Oversight Board members have blasted Israel over Gaza: ‘Most criminal army in history’,"The image shows a woman standing in front of a backdrop that appears to be a stone wall with vertical columns. She is wearing a black top with a textured pattern and a pair of round glasses. Her hair is long and dark, and she has a neutral expression on her face. She is also wearing a necklace with a circular pendant and has a bracelet on her left wrist. Her hands are crossed in front of her, and she is looking directly at the camera. The lighting in the image is bright, and the overall style of the photograph seems to be a professional portrait."
image_6_5.jpg,Tawakkol Karman,Meta Oversight Board members have blasted Israel over Gaza: ‘Most criminal army in history’,"The image shows a woman wearing a hijab with a floral pattern. The hijab is predominantly black with a floral design in shades of red and white. The woman appears to be outdoors, as there is a glimpse of a blue sky and a building in the background. She is looking slightly to the side with a neutral expression on her face. The style of the image is a standard portrait with a focus on the subject."
image_6_6.jpg,Social media post from member of Meta Oversight Board,Meta Oversight Board members have blasted Israel over Gaza: ‘Most criminal army in history’,"The image you've provided appears to be a screenshot of a tweet from a user named Tawakol Karmen. The tweet contains a statement in Arabic, followed by a translation from Arabic to English. The statement seems to be a reflection on the Human Fraternity Conference held in the Vatican, which the writer views as a hypocritical event. The writer criticizes the conference for not addressing the issue of Palestinian suffering and the Israeli-Palestinian conflict, despite the conference's focus on human rights and peace. The tweet also mentions the writer's demand for an immediate ceasefire and the delivery of humanitarian aid to the affected parties in the conflict."
image_7_1.jpg,,OpenAI could reportedly charge as much as $2K a month for high-end subscriptions,"The image appears to be a screenshot of a presentation slide or a digital advertisement for a product or service. The background is dark with vertical purple stripes, which gives it a modern and sleek aesthetic. The text is in white and is the main focus of the image.  The text is a title and a paragraph. The title reads ""ChatGPT: Optimizing Language Models for Dialogue,"" which suggests that the content is related to artificial intelligence and natural language processing. The paragraph below the title explains that ChatGPT is a model that has been trained to interact with users in a conversational way. It mentions that the dialogue format makes it possible for ChatGPT to answer follow-up questions, admit mistakes, challenge incorrect premises, and reject inappropriate requests. It also notes that ChatGPT is a sibling model to InstructGPT, which is trained to follow an instruction in a prompt and provide a detailed response.  At the bottom of the image, there is a button with the text ""Try ChatGPT,"" indicating that the viewer can interact with the product. The overall style of the image is professional and informative, designed to attract users interested in AI language models."
image_8_1.jpg,The image above was taken just after the gunman opened fire on Wednesday.,X blocks users from searching name of alleged Apalachee High School gunman Colt Gray,"The image depicts an indoor scene, likely a school hallway, with a group of individuals present. In the foreground, there is a person who appears to be a police officer, identifiable by their uniform with visible badges and a badge on the left side of their chest. The officer is gesturing with their right hand, possibly interacting with someone not visible in the frame.  Behind the officer, there are several other individuals, including a young woman with blonde hair wearing a light-colored skirt and a white top, who seems to be the focus of the officer's attention. She is looking towards the officer with a surprised or concerned expression.  The background features a blue locker room with multiple lockers, suggesting that this is a school setting. The floor is tiled with a pattern that includes various shades of blue and white, which adds to the institutional feel of the environment. The lighting is bright, and the overall atmosphere appears to be calm, with no signs of distress or emergency."
image_8_2.jpg,The shooter's gun on the school's floor,X blocks users from searching name of alleged Apalachee High School gunman Colt Gray,"The image depicts an indoor scene, likely a school hallway, given the presence of a blue locker room in the background. The main subject is a person standing in the foreground, facing away from the camera. This individual appears to be an adult, possibly a teacher or staff member, based on their attire and the badge they are wearing. The badge suggests they may have a role in school administration or security.  The person is wearing a dark-colored shirt with a badge on the left side, and they have short hair. They are standing on a checkered floor, which is common in school corridors. The floor is a mix of different colors, creating a pattern that is typical of educational institutions.  In the background, there is a blue locker room with white doors, which is a common feature in school settings. The locker room is partially visible, with only a portion of the doors and the wall behind them visible in the image.  The lighting in the image is bright and even, suggesting an indoor environment with artificial lighting. There are no visible texts or distinctive brands in the image. The style of the image is candid and seems to be taken in a real-life setting, possibly with a smartphone or a similar device, given the informal quality of the photo."
image_8_3.jpg,An X search of the name of the gunman alleged to have killed four people and wounded nine in Georgia on Wednesday produces an error page.,X blocks users from searching name of alleged Apalachee High School gunman Colt Gray,"The image appears to be a screenshot of a user interface, possibly from a messaging application or a social media platform. The interface is predominantly black with white and blue text and icons. On the left side, there is a vertical navigation menu with icons and text labels. The icons include a house, a magnifying glass, a person, a cloud with a lightning bolt, and a list. The text labels are ""Top,"" ""Latest,"" ""People,"" ""Media,"" and ""Lists.""  On the right side, there is a section with a blue header that says ""colt gray."" Below the header, there is a message that reads ""Something went wrong. Try reloading."" This suggests that there was an error in the system and the user is being prompted to reload the page or conversation.  At the bottom of the right side, there is a blue button with a white ""Retry"" text, indicating an option to attempt the action again. The overall style of the interface is modern and minimalistic, with a focus on functionality."
image_8_4.jpg,The alleged assailant has been identified by authorities as Colt Gray a 14-year-old student at the school.,X blocks users from searching name of alleged Apalachee High School gunman Colt Gray,"The image depicts an outdoor scene with a group of people gathered around a collection of vehicles. The vehicles include a red van, a white SUV, a black truck, and a white ambulance. The people are standing in a semi-circle formation, with some individuals closer to the vehicles and others slightly distanced. The setting appears to be a grassy area with a flagpole visible in the background. The flag on the pole is not clearly visible, but it suggests a possible official or ceremonial context for the gathering. The image is taken from an aerial perspective, providing a bird's-eye view of the scene."
image_9_1.jpg,Snapchat app on phone,Snapchat favored by child predators who use ‘sextortion’ to get explicit images of minors: lawsuit,"The image shows a close-up of a person's thumb and finger, which are resting on a surface with a smartphone app icon visible. The app icon is a stylized white ghost face inside a yellow square, which is the logo for the Snapchat app. The background is blurred, but it appears to be a textured surface, possibly a table or a mat. The focus is on the interaction between the person's hand and the app icon, suggesting the use of the Snapchat app."
image_9_2.jpg,New Mexico Attorney General Raúl Torrez announced a lawsuit against Snapchat parent company Snap.,Snapchat favored by child predators who use ‘sextortion’ to get explicit images of minors: lawsuit,"The image shows a man standing in front of a microphone, appearing to be in the middle of a speech or presentation. He is wearing a dark suit with a white shirt and a red tie. The man has a beard and mustache, and his hair is graying. He is looking slightly to his left with a focused expression. The background is a dark blue curtain, which suggests that the setting might be indoors, possibly in a conference room or a similar venue. There is another person partially visible on the left side of the image, but they are not the main focus of the image. The man's attire and the presence of the microphone suggest that he may be a professional or an expert in a particular field, possibly giving a lecture or a talk."
image_9_3.jpg,Tech firms have come under fire for failing to protect minors against online predators.,Snapchat favored by child predators who use ‘sextortion’ to get explicit images of minors: lawsuit,"The image shows a computer monitor displaying a webpage with a grid of thumbnail images. The thumbnails appear to be from a video sharing platform, possibly YouTube, given the layout and the presence of play buttons. The thumbnails are a mix of different content, including what seems to be music videos, vlogs, and possibly educational or informative content. The colors in the thumbnails are varied, with a range of hues from warm to cool tones. The monitor itself is set against a dark background, which makes the screen stand out. The image is slightly blurred, which gives it a soft, out-of-focus appearance."
image_10_1.jpg,A screen for your phone to protect against blue light,Do cellphones increase the risk of heart disease? Troubling findings require ‘careful consideration’ researchers say,"The image shows a product packaging for a flat screen glass. The packaging is predominantly white with a clear central area where the product is displayed. The product itself appears to be a slim, rectangular glass with a black frame and a reflective surface that suggests it is designed to be used as a screen. The packaging includes text and graphics that provide information about the product.  On the left side of the packaging, there is a large image of the product, showcasing its design and the reflective quality of the screen. The text on this side reads ""FLATAY GLASS,"" indicating the brand or model of the product. Below the product image, there is additional text that provides information about the product, such as its features and specifications.  On the right side of the packaging, there is a smaller image of the product, this time with a black frame, suggesting that the product can be used in different orientations. The text on this side includes a list of features and benefits, such as ""Ultra-thin,"" ""Lightweight,"" and ""Sturdy,"" which are likely selling points for the product. There are also icons and symbols that represent the product's compatibility with various devices and its durability.  The overall style of the image is clean and professional, with a focus on presenting the product in an appealing and informative manner. The design elements are consistent with typical product packaging, aiming to attract potential customers with clear and concise information about the product's features and benefits."
image_10_2.jpg,A phone with a purple screen,Do cellphones increase the risk of heart disease? Troubling findings require ‘careful consideration’ researchers say,"The image shows a smartphone with a dual-screen design. The phone is positioned at an angle, with the front and back views visible. The front view displays a colorful wallpaper with a blend of orange, purple, and blue hues, suggesting a dynamic or abstract design. The back view shows a solid color, possibly white or light gray, which is typical for the back of a smartphone to prevent scratches and to allow for a clean finish.  The phone appears to be a modern, sleek device with rounded edges and a slim profile. The screen bezel is minimal, indicating a focus on screen-to-body ratio, which is a design feature that enhances the viewing experience by maximizing the screen area. The image is a product photo, likely intended for marketing or retail purposes, showcasing the design and color options of the smartphone. There are no visible texts or logos that provide brand identification or model information."
image_10_3.jpg,A phone that has a protective screen,Do cellphones increase the risk of heart disease? Troubling findings require ‘careful consideration’ researchers say,"The image shows a product packaging and a smartphone with a screen protector applied. The packaging is predominantly blue and white, with the product name ""Anti Blue Light Screen Protector"" prominently displayed in white text on a blue background. Below the product name, there is a graphic of a smartphone screen with a blue light filter applied, indicating the product's function.  The smartphone itself is shown in a clear case, with the screen protector applied. The protector has a blue tint, which is designed to block blue light emitted from the screen, reducing eye strain and promoting better sleep. The case appears to be a standard clear smartphone case, allowing the phone's design to be visible through the transparent material.  The image is a product photo, likely intended for marketing or retail purposes, showcasing the product's design and functionality. The style of the image is clean and straightforward, focusing on the product without any additional context or background distractions."
image_10_4.jpg,Cellphone use can lead to poor sleep which can raise the risk of heart disease researchers found.,Do cellphones increase the risk of heart disease? Troubling findings require ‘careful consideration’ researchers say,"The image depicts a person lying in bed, illuminated by a soft, ambient light that casts a gentle glow on their face. The individual appears to be in a state of contemplation or perhaps sleep, with their eyes closed and a serene expression. The bed is covered with a patterned blanket, and the room has a minimalist aesthetic with white walls and a single nightstand visible to the side. The lighting creates a warm and intimate atmosphere, suggesting a quiet, peaceful moment."
